TestCase,CLASSPATH,appString,Param1,Param2,Param3,Param4,Param5,Param6,Param7
1,,scala build/modbat.jar ,-cp ,modbat.config.ConfigTest ,-h ,,,,
2,,scala build/modbat.jar ,-cp ,modbat.config.ConfigTest ,-s ,,,,
4,,scala build/config.jar ,-s ,,,,,,
5,CLASSPATH=foo ,scala build/config.jar ,-s ,cp_1 ,,,,,
6,,scala build/config.jar ,-s ,cp_2 ,,,,,
7,CLASSPATH=foo ,scala build/config.jar ,--classpath=bar ,-s ,,,,,
8,CLASSPATH=foo ,scala build/config.jar ,-classp=baz ,-s ,,,,,
9,,scala build/config.jar ,-h ,,,,,,
10,,scala build/config.jar ,-v ,,,,,,
11,,scala build/config.jar ,--version ,,,,,,
12,,scala build/config.jar ,--show ,,,,,,
13,,scala build/config.jar ,--help ,,,,,,
14,,scala build/config.jar ,-x ,,,,,,
15,,scala build/config.jar ,--x ,,,,,,
16,,scala build/config.jar ,-s ,--mode=exec ,,,,,
17,,scala build/config.jar ,-s ,--mode=exec ,-s ,,,,
18,,scala build/config.jar ,-s ,--mode=quux ,-s ,,,,
19,,scala build/config.jar ,a ,b ,c ,,,,
20,,scala build/config.jar ,-- ,a ,b ,c ,,,
21,,scala build/config.jar ,-- ,-h ,a ,b ,c ,,
22,,scala build/config.jar ,-- ,--help ,a ,b ,c ,,
23,,scala build/config.jar ,--redirectOut ,-s ,,,,,
24,,scala build/config.jar ,--redirectOut=true ,-s ,,,,,
25,,scala build/config.jar ,--redirectOut=false ,-s ,,,,,
26,,scala build/config.jar ,--redirectOut=xx ,-s ,,,,,
27,,scala build/config.jar ,--no-redirect-out ,--no-some-flag ,,,,,
28,,scala build/config.jar ,--no-some-flag ,--no-redirect-out ,,,,,
29,,scala build/config.jar ,--no-redirect-out ,--some-flag ,,,,,
30,,scala build/config.jar ,--odd-prime ,,,,,,
31,,scala build/config.jar ,--no-odd-prime ,,,,,,
32,,scala build/config.jar ,--odd-prime ,--small-prime=three ,,,,,
33,,scala build/config.jar ,--even-prime ,,,,,,
34,,scala build/config.jar ,--no-even-prime ,,,,,,
35,,scala build/config.jar ,--even-prime ,--small-prime=three ,,,,,
36,,scala build/config.jar ,--no-redirectOut ,-s ,,,,,
37,,scala build/config.jar ,--no-redirectOut=true ,-s ,,,,,
38,,scala build/config.jar ,--no-redirectOut=false ,-s ,,,,,
39,,scala build/config.jar ,--no-redirectOut=xx ,-s ,,,,,
40,,scala build/config.jar ,--no-mode ,,,,,,
41,,scala build/config.jar ,--nRuns ,,,,,,
42,,scala build/config.jar ,--nRuns= ,,,,,,
43,,scala build/config.jar ,--nRuns=0 ,,,,,,
44,,scala build/config.jar ,--nRuns=a ,,,,,,
45,,scala build/config.jar ,--nRuns=1 ,-s ,,,,,
46,,scala build/config.jar ,--nRuns=999999 ,-s ,,,,,
47,,scala build/config.jar ,--nRuns=999999999999 ,,,,,,
48,,scala build/config.jar ,-s ,--small-prime=three ,-s ,,,,
49,,scala build/config.jar ,-s ,--small-prime=one ,,,,,
50,,scala build/config.jar ,--abortProbability=0.5 ,-s ,,,,,
51,,scala build/config.jar ,--abortProbability=-0.5 ,-s ,,,,,
52,,scala build/config.jar ,--abortProbability=1.5 ,-s ,,,,,
53,,scala build/config.jar ,-f=x ,-s ,,,,,
54,,scala build/config.jar ,-g=x ,-s ,,,,,
55,,scala build/config.jar ,-f= ,,,,,,
56,,scala build/config.jar ,-f ,,,,,,
57,,scala build/config.jar ,--modelClass= ,,,,,,
58,,scala build/config.jar ,--modelClass ,,,,,,
59,,scala build/config.jar ,-n-runs=2 ,,,,,,
60,,scala build/config.jar ,--n-runs=2 ,-s ,,,,,
61,,scala build/config.jar ,-s=10c1be9b302682f3 ,-s ,,,,,
62,,scala build/config.jar ,-s=10c1be9b302682f30 ,,,,,,
63,,scala build/config.jar ,-s=ffffffffffffffff ,-s ,,,,,
64,,scala build/config.jar ,-n=ffffffff ,-s ,,,,,
65,,scala build/config.jar ,--Quux ,,,,,,
66,,scala build/config.jar ,--baz-Quux ,,,,,,
67,,scala build/modbat.jar ,--model-class=x ,,,,,,
68,,scala build/modbat.jar ,a ,b ,c ,,,,
69,,scala build/modbat.jar ,-n=1 ,x ,b ,c ,,,
70,,scala build/modbat.jar ,x ,y ,-n=1 ,,,,
71,,scala build/modbat.jar ,-n=2 ,-- ,-n=1 ,,,,
72,,scala build/modbat.jar ,a ,-n=2 ,-- ,-n=1 ,,,
73,,scala build/modbat.jar ,-s=0 ,,,,,,
74,,scala build/modbat.jar ,--log-level=fine ,,,,,,
75,CLASSPATH=build/modbat-examples.jar ,scala build/modbat.jar ,-s=1 ,--no-redirect-out ,modbat.examples.SimpleCounter ,,,,
76,CLASSPATH=build/modbat-examples.jar ,scala build/modbat.jar ,-n=5 ,-s=1 ,--no-redirect-out ,--log-level=fine ,--no-init ,--no-shutdown ,modbat.examples.NioSocket1 
77,CLASSPATH=build/modbat-examples.jar ,scala build/modbat.jar ,-n=10 ,-s=1 ,--no-redirect-out ,--log-level=fine ,--no-init ,--no-shutdown ,modbat.examples.NioSocket1 
78,CLASSPATH=build/modbat-examples.jar ,scala build/modbat.jar ,-n=20 ,-s=1 ,--no-redirect-out ,--log-level=fine ,--no-init ,--no-shutdown ,modbat.examples.NioSocket1 
79,CLASSPATH=build/modbat-examples.jar ,scala build/modbat.jar ,-n=50 ,-s=1 ,--no-redirect-out ,--log-level=fine ,--no-init ,--no-shutdown ,modbat.examples.NioSocket1 
80,CLASSPATH=build/modbat-examples.jar ,scala build/modbat.jar ,-n=10 ,-s=1 ,--no-redirect-out ,--log-level=fine ,modbat.examples.NioSocket1 ,,
81,CLASSPATH=build/modbat-examples.jar ,scala build/modbat.jar ,-n=20 ,-s=1 ,--no-redirect-out ,--log-level=fine ,modbat.examples.NioSocket1 ,,
82,CLASSPATH=build/modbat-examples.jar ,scala build/modbat.jar ,-n=50 ,-s=1 ,--no-redirect-out ,--log-level=fine ,modbat.examples.NioSocket1 ,,
83,CLASSPATH=build/modbat-examples.jar ,scala build/modbat.jar ,-n=100 ,-s=1 ,--no-redirect-out ,--log-level=fine ,modbat.examples.NioSocket1 ,,
84,CLASSPATH=build/modbat-examples.jar ,scala build/modbat.jar ,-n=200 ,-s=1 ,--no-redirect-out ,--log-level=fine ,modbat.examples.NioSocket1 ,,
85,CLASSPATH=build/modbat-examples.jar ,scala build/modbat.jar ,-n=500 ,-s=1 ,--no-redirect-out ,--log-level=fine ,modbat.examples.NioSocket1 ,,
86,CLASSPATH=build/modbat-examples.jar ,scala build/modbat.jar ,-n=1000 ,-s=1 ,--no-redirect-out ,--log-level=fine ,modbat.examples.NioSocket1 ,,
87,CLASSPATH=build/modbat-examples.jar ,scala build/modbat.jar ,--mode=dot ,--auto-labels ,modbat.examples.NioSocket1 ,,,,
88,CLASSPATH=build/modbat-examples.jar ,scala build/modbat.jar ,--mode=dot ,--auto-labels ,--dot-dir=dot_test ,modbat.examples.NioSocket1 ,,,
89,CLASSPATH=build/modbat-examples.jar ,scala build/modbat.jar ,--mode=dot ,--auto-labels ,--dot-dir=dir_does_not_exit ,modbat.examples.NioSocket1 ,,,
90,CLASSPATH=build/modbat-examples.jar ,scala build/modbat.jar ,-n=10 ,-s=1 ,--dotify-coverage ,--auto-labels ,modbat.examples.NioSocket1 ,,
91,CLASSPATH=build/modbat-examples.jar ,scala build/modbat.jar ,-n=100 ,-s=1 ,--dotify-coverage ,--auto-labels ,modbat.examples.NioSocket1 ,,
92,CLASSPATH=build/modbat-examples.jar ,scala build/modbat.jar ,-n=500 ,-s=1 ,--dotify-coverage ,--auto-labels ,modbat.examples.NioSocket1 ,,
93,CLASSPATH=build/modbat-examples.jar ,scala build/modbat.jar ,-n=500 ,-s=1 ,--maybe-probability=0 ,--dotify-coverage ,--auto-labels ,modbat.examples.NioSocket1 ,
94,CLASSPATH=build/modbat-examples.jar ,scala build/modbat.jar ,-n=1 ,-s=61a342c60d18ff4d ,--no-redirect-out ,modbat.examples.NioSocket1 ,,,
95,CLASSPATH=build/modbat-examples.jar ,scala build/modbat.jar ,-n=1000 ,-s=1 ,--no-redirect-out ,--stop-on-failure ,modbat.examples.NioSocket1 ,,
96,CLASSPATH=build/modbat-examples.jar ,scala build/modbat.jar ,-n=5 ,-s=1 ,--no-redirect-out ,--log-level=fine ,modbat.examples.JavaNioServerSocket ,,
97,CLASSPATH=build/modbat-examples.jar ,scala build/modbat.jar ,-n=10 ,-s=1 ,--no-redirect-out ,--log-level=fine ,modbat.examples.JavaNioServerSocket ,,
98,CLASSPATH=build/modbat-examples.jar ,scala build/modbat.jar ,-n=20 ,-s=1 ,--no-redirect-out ,--log-level=fine ,modbat.examples.JavaNioServerSocket ,,
99,CLASSPATH=build/modbat-examples.jar ,scala build/modbat.jar ,-n=50 ,-s=1 ,--no-redirect-out ,--log-level=fine ,modbat.examples.JavaNioServerSocket ,,
100,CLASSPATH=build/modbat-examples.jar ,scala build/modbat.jar ,-n=100 ,-s=1 ,--no-redirect-out ,--log-level=fine ,modbat.examples.JavaNioServerSocket ,,
101,CLASSPATH=build/modbat-examples.jar ,scala build/modbat.jar ,-n=200 ,-s=1 ,--no-redirect-out ,--log-level=fine ,modbat.examples.JavaNioServerSocket ,,
102,CLASSPATH=build/modbat-examples.jar ,scala build/modbat.jar ,-n=500 ,-s=1 ,--no-redirect-out ,--log-level=fine ,modbat.examples.JavaNioServerSocket ,,
103,CLASSPATH=build/modbat-examples.jar ,scala build/modbat.jar ,-n=1000 ,-s=1 ,--no-redirect-out ,--log-level=fine ,modbat.examples.JavaNioServerSocket ,,
104,CLASSPATH=build/modbat-examples.jar ,scala build/modbat.jar ,--mode=dot ,--auto-labels ,modbat.examples.JavaNioServerSocket ,,,,
105,CLASSPATH=build/modbat-examples.jar ,scala build/modbat.jar ,--mode=dot ,--log-level=debug ,--auto-labels ,modbat.examples.JavaNioServerSocket ,,,
106,CLASSPATH=build/modbat-examples.jar ,scala build/modbat.jar ,--mode=dot ,modbat.examples.JavaNioServerSocket3 ,,,,,
107,CLASSPATH=build/modbat-examples.jar ,scala build/modbat.jar ,--mode=dot ,--show-choices ,modbat.examples.JavaNioServerSocket3 ,,,,
108,CLASSPATH=build/modbat-examples.jar ,scala build/modbat.jar ,-n=10 ,-s=1 ,--dotify-coverage ,--auto-labels ,modbat.examples.JavaNioServerSocket ,,
109,CLASSPATH=build/modbat-examples.jar ,scala build/modbat.jar ,-n=100 ,-s=1 ,--dotify-coverage ,--auto-labels ,modbat.examples.JavaNioServerSocket ,,
110,CLASSPATH=build/modbat-examples.jar ,scala build/modbat.jar ,-n=1 ,-s=321e7808 ,--no-redirect-out ,modbat.examples.JavaNioServerSocket ,,,
111,CLASSPATH=build/modbat-examples.jar ,scala build/modbat.jar ,-n=1000 ,-s=1 ,--no-redirect-out ,modbat.examples.JavaNioServerSocket2 ,,,
112,CLASSPATH=build/modbat-examples.jar ,scala build/modbat.jar ,-n=10 ,-s=1 ,--no-redirect-out ,--loop-limit=5 ,modbat.examples.JavaNioServerSocket3 ,,
113,CLASSPATH=build/modbat-examples.jar ,scala build/modbat.jar ,-n=100 ,-s=1 ,--no-redirect-out ,--loop-limit=5 ,modbat.examples.JavaNioServerSocket3 ,,
114,CLASSPATH=build/modbat-examples.jar ,scala build/modbat.jar ,-n=200 ,-s=1 ,--no-redirect-out ,--loop-limit=5 ,modbat.examples.JavaNioServerSocket3 ,,
115,CLASSPATH=build/modbat-examples.jar ,scala build/modbat.jar ,-n=10 ,-s=1 ,--no-redirect-out ,--loop-limit=5 ,modbat.examples.JavaNioSocket3 ,,
116,CLASSPATH=build/modbat-examples.jar ,scala build/modbat.jar ,-n=100 ,-s=1 ,--no-redirect-out ,--loop-limit=5 ,modbat.examples.JavaNioSocket3 ,,
117,CLASSPATH=build/modbat-examples.jar ,scala build/modbat.jar ,-n=1000 ,-s=1 ,--no-redirect-out ,--loop-limit=5 ,modbat.examples.JavaNioSocket3 ,,
118,CLASSPATH=build/modbat-examples.jar ,scala build/modbat.jar ,-n=1 ,-s=c2c2567 ,--no-redirect-out ,--loop-limit=5 ,modbat.examples.JavaNioServerSocket3 ,,
119,CLASSPATH=build/modbat-examples.jar ,scala build/modbat.jar ,-n=1000 ,-s=1 ,--no-redirect-out ,--loop-limit=5 ,modbat.examples.JavaNioServerSocket3 ,,
120,CLASSPATH=build/modbat-examples.jar ,scala build/modbat.jar ,-s=1 ,-n=1000 ,modbat.examples.JavaNioSocket ,,,,
121,CLASSPATH=build/modbat-examples.jar ,scala build/modbat.jar ,-s=1 ,-n=10000 ,modbat.examples.JavaNioSocket ,,,,
122,CLASSPATH=build/modbat-examples.jar ,scala build/modbat.jar ,-s=1 ,-n=30 ,--no-redirect-out ,--log-level=fine ,modbat.examples.SimpleModel ,,
123,CLASSPATH=build/modbat-examples.jar ,scala build/modbat.jar ,-s=49a846e52b813972 ,-n=1 ,--no-redirect-out ,modbat.examples.SimpleModel ,,,
124,CLASSPATH=build/modbat-examples.jar ,scala build/modbat.jar ,-s=88af43883571af0c ,-n=1 ,--no-redirect-out ,modbat.examples.SimpleModel ,,,
125,CLASSPATH=build/modbat-examples.jar ,scala build/modbat.jar ,-s=88af43883571af0c ,-n=1 ,--no-redirect-out ,modbat.examples.SimpleModel ,--print-stack-trace ,,
126,CLASSPATH=build/modbat-examples.jar ,scala build/modbat.jar ,-s=1 ,-n=30 ,--no-redirect-out ,modbat.examples.CounterModel ,,,
127,CLASSPATH=build/modbat-examples.jar ,scala build/modbat.jar ,--mode=dot ,--auto-labels ,modbat.examples.CounterModel ,,,,
128,CLASSPATH=build/modbat-examples.jar ,scala build/modbat.jar ,-s=1 ,-n=30 ,--no-redirect-out ,modbat.examples.CounterModel2 ,,,
129,CLASSPATH=build/modbat-examples.jar ,scala build/modbat.jar ,--mode=dot ,--auto-labels ,modbat.examples.CounterModel2 ,,,,
130,CLASSPATH=build/modbat-test.jar ,scala build/modbat.jar ,-s=1 ,-n=10 ,--no-redirect-out ,--log-level=fine ,modbat.test.Redundancy ,,
131,CLASSPATH=build/modbat-test.jar ,scala build/modbat.jar ,-s=2e78dcb10b272e5 ,-n=1 ,--no-redirect-out ,modbat.test.Redundancy ,,,
132,CLASSPATH=build/modbat-test.jar ,scala build/modbat.jar ,-s=1 ,--no-redirect-out ,modbat.test.EmptyModel ,,,,
133,CLASSPATH=build/modbat-test.jar ,scala build/modbat.jar ,-s=1 ,--no-redirect-out ,modbat.test.AbstractCls ,,,,
134,CLASSPATH=build/modbat-test.jar ,scala build/modbat.jar ,-s=1 ,-n=3 ,--no-redirect-out ,--log-level=fine ,modbat.test.Shortcut ,,
135,CLASSPATH=build/modbat-test.jar ,scala build/modbat.jar ,-s=1 ,-n=1 ,--no-redirect-out ,modbat.test.Shortcut ,,,
136,CLASSPATH=build/modbat-test.jar ,scala build/modbat.jar ,-s=1 ,-n=5 ,--no-redirect-out ,modbat.test.SimpleFileModel ,,,
137,CLASSPATH=build/modbat-test.jar ,scala build/modbat.jar ,-s=1 ,-n=5 ,--no-redirect-out ,modbat.test.PrecondFalse ,,,
138,CLASSPATH=build/modbat-test.jar ,scala build/modbat.jar ,-s=1 ,-n=500 ,modbat.test.FileModel ,--stop-on-failure ,,,
139,CLASSPATH=build/modbat-test.jar ,scala build/modbat.jar ,-s=1 ,-n=1 ,modbat.test.SingletonTest ,--no-redirect-out ,,,
140,CLASSPATH=build/modbat-test.jar ,scala build/modbat.jar ,-s=1 ,-n=1 ,modbat.test.MaybeTest ,--maybe-probability=0.0 ,--no-redirect-out ,,
141,CLASSPATH=build/modbat-test.jar ,scala build/modbat.jar ,-s=1 ,-n=1 ,modbat.test.MaybeTest ,--maybe-probability=1.0 ,--no-redirect-out ,,
142,CLASSPATH=build/modbat-test.jar ,scala build/modbat.jar ,-s=1 ,-n=1 ,modbat.test.MaybeElseTest ,--maybe-probability=0.0 ,--no-redirect-out ,,
143,CLASSPATH=build/modbat-test.jar ,scala build/modbat.jar ,-s=1 ,-n=1 ,modbat.test.MaybeElseTest ,--maybe-probability=1.0 ,--no-redirect-out ,,
144,CLASSPATH=build/modbat-test.jar ,scala build/modbat.jar ,-s=1 ,-n=1 ,modbat.test.MaybeElseTest2 ,--maybe-probability=0.0 ,--no-redirect-out ,,
145,CLASSPATH=build/modbat-test.jar ,scala build/modbat.jar ,-s=1 ,-n=1 ,modbat.test.MaybeElseTest2 ,--maybe-probability=1.0 ,--no-redirect-out ,,
146,CLASSPATH=build/modbat-test.jar ,scala build/modbat.jar ,-s=1 ,-n=1 ,modbat.test.RequireMaybeTest ,--no-redirect-out ,,,
147,CLASSPATH=build/modbat-test.jar ,scala build/modbat.jar ,-s=1 ,-n=1 ,modbat.test.RequireMaybeTest2 ,--no-redirect-out ,,,
148,CLASSPATH=build/modbat-test.jar ,scala build/modbat.jar ,-s=1 ,-n=1 ,modbat.test.IllArgTest ,--no-redirect-out ,--log-level=fine ,,
149,CLASSPATH=build/modbat-test.jar ,scala build/modbat.jar ,-s=1 ,-n=3 ,modbat.test.ChooseInBefore ,--no-redirect-out ,,,
150,CLASSPATH=build/modbat-test.jar ,scala build/modbat.jar ,-s=1 ,-n=20 ,modbat.test.CarModel ,--no-redirect-out ,,,
151,CLASSPATH=build/modbat-test.jar ,scala build/modbat.jar ,-s=1 ,-n=5 ,--log-level=debug ,--no-redirect-out ,modbat.test.ComplexLaunch ,,
152,CLASSPATH=build/modbat-test.jar ,scala build/modbat.jar ,-s=1 ,-n=50 ,--log-level=fine ,--print-stack-trace ,--no-redirect-out ,modbat.test.ComplexLaunch ,
153,CLASSPATH=build/modbat-test.jar ,scala build/modbat.jar ,--mode=dot ,--show-choices ,modbat.test.ComplexLaunch ,,,,
154,CLASSPATH=build/modbat-test.jar ,scala build/modbat.jar ,-s=1 ,-n=2 ,--log-level=fine ,--no-redirect-out ,modbat.test.ComplexLaunch2 ,,
155,CLASSPATH=build/modbat-test.jar ,scala build/modbat.jar ,-s=1 ,-n=2 ,--log-level=fine ,--no-redirect-out ,modbat.test.ComplexLaunch3 ,,
156,CLASSPATH=build/modbat-test.jar ,scala build/modbat.jar ,-s=1 ,-n=2 ,--log-level=fine ,--no-redirect-out ,modbat.test.ComplexLaunch4 ,,
157,CLASSPATH=build/modbat-test.jar ,scala build/modbat.jar ,-s=1 ,-n=2 ,--log-level=fine ,--no-redirect-out ,modbat.test.ComplexLaunch5 ,,
158,CLASSPATH=build/modbat-test.jar ,scala build/modbat.jar ,-s=1 ,-n=2 ,--log-level=fine ,--no-redirect-out ,modbat.test.ComplexLaunch6 ,,
159,CLASSPATH=build/modbat-test.jar ,scala build/modbat.jar ,-s=1 ,-n=10 ,--no-redirect-out ,modbat.test.RSeedTestSuccess ,,,
160,CLASSPATH=build/modbat-test.jar ,scala build/modbat.jar ,--mode=dot ,modbat.test.Child ,,,,,
161,CLASSPATH=build/modbat-test.jar ,scala build/modbat.jar ,--mode=dot ,modbat.test.InvalidMethod ,,,,,
162,CLASSPATH=build/modbat-test.jar ,scala build/modbat.jar ,-s=1 ,-n=15 ,--log-level=fine ,--no-redirect-out ,modbat.test.InvalidMethod ,,
163,CLASSPATH=build/modbat-test.jar ,scala build/modbat.jar ,-s=1 ,-n=20 ,--no-redirect-out ,modbat.test.InvariantCheck ,,,
164,CLASSPATH=build/modbat-test.jar ,scala build/modbat.jar ,-s=1 ,-n=20 ,--no-redirect-out ,modbat.test.InvCheck2 ,,,
165,CLASSPATH=build/modbat-test.jar ,scala build/modbat.jar ,-s=1 ,-n=10 ,--loop-limit=2 ,--no-redirect-out ,modbat.test.InvCheck3 ,,
166,CLASSPATH=build/modbat-test.jar ,scala build/modbat.jar ,-s=1 ,-n=20 ,--loop-limit=2 ,--no-redirect-out ,modbat.test.InvCheck3_1 ,,
167,CLASSPATH=build/modbat-test.jar ,scala build/modbat.jar ,-s=1 ,-n=20 ,--loop-limit=2 ,--no-redirect-out ,modbat.test.InvCheck3_2 ,,
168,CLASSPATH=build/modbat-test.jar ,scala build/modbat.jar ,-s=1 ,-n=20 ,--loop-limit=2 ,--no-redirect-out ,modbat.test.InvCheck3_3 ,,
169,CLASSPATH=build/modbat-test.jar ,scala build/modbat.jar ,-s=1 ,-n=10 ,--loop-limit=2 ,--no-redirect-out ,--log-level=fine ,modbat.test.InvCheck4 ,
170,CLASSPATH=build/modbat-test.jar ,scala build/modbat.jar ,--mode=dot ,--auto-labels ,modbat.test.InvalidMethod ,,,,
171,CLASSPATH=build/modbat-test.jar ,scala build/modbat.jar ,-s=1 ,-n=20 ,--auto-labels ,--no-redirect-out ,modbat.test.InvCheck2 ,,
172,CLASSPATH=build/modbat-test.jar ,scala build/modbat.jar ,-s=1 ,-n=20 ,--auto-labels ,--no-redirect-out ,modbat.test.InvCheck5 ,,
173,CLASSPATH=build/modbat-test.jar ,scala build/modbat.jar ,-s=1 ,-n=20 ,--no-redirect-out ,modbat.test.InvCheck5 ,,,
174,CLASSPATH=build/modbat-test.jar ,scala build/modbat.jar ,-s=1 ,-n=10 ,--auto-labels ,--loop-limit=2 ,--no-redirect-out ,modbat.test.InvCheck3 ,
175,CLASSPATH=build/modbat-test.jar ,scala build/modbat.jar ,-s=1 ,-n=10 ,--auto-labels ,--loop-limit=2 ,--no-redirect-out ,--log-level=fine ,modbat.test.InvCheck4 
176,CLASSPATH=build/modbat-test.jar ,scala build/modbat.jar ,-s=1 ,-n=10 ,--log-level=fine ,modbat.test.GetState ,--no-redirect-out ,,
177,CLASSPATH=build/modbat-test.jar ,scala build/modbat.jar ,-s=1 ,-n=10 ,--log-level=fine ,modbat.test.GetState2 ,--no-redirect-out ,,
178,CLASSPATH=build/modbat-test.jar ,scala build/modbat.jar ,-s=1 ,-n=100 ,modbat.test.ChooseTest ,,,,
179,CLASSPATH=build/modbat-test.jar ,scala build/modbat.jar ,--mode=dot ,--show-choices ,modbat.test.ChooseTest ,,,,
180,CLASSPATH=build/modbat-test.jar ,scala build/modbat.jar ,-s=1 ,-n=2 ,--remove-log-on-success ,modbat.test.Hello ,,,
181,CLASSPATH=build/modbat-test.jar ,scala build/modbat.jar ,-s=1 ,-n=1 ,--no-redirect-out ,--log-level=debug ,modbat.test.SubModel ,,
182,CLASSPATH=build/modbat-test.jar ,scala build/modbat.jar ,-s=1 ,-n=10 ,--no-redirect-out ,modbat.test.SubModel2 ,,,
183,CLASSPATH=build/modbat-test.jar ,scala build/modbat.jar ,-s=1 ,-n=10 ,--no-redirect-out ,modbat.test.SubModel3 ,,,
184,CLASSPATH=build/modbat-test.jar ,scala build/modbat.jar ,-s=1 ,-n=100 ,modbat.test.MaybeTest ,--maybe-probability=0.01 ,--no-redirect-out ,,
185,CLASSPATH=build/modbat-test.jar ,scala build/modbat.jar ,-s=1 ,-n=1 ,--no-redirect-out ,modbat.test.PrecondOffline ,,,
186,CLASSPATH=build/modbat-test.jar ,scala build/modbat.jar ,-s=1 ,-n=1 ,modbat.test.NextIfTest ,--no-redirect-out ,,,
187,CLASSPATH=build/modbat-test.jar ,scala build/modbat.jar ,-s=1 ,-n=1 ,--no-redirect-out ,modbat.test.NextIfTest2 ,,,
188,CLASSPATH=build/modbat-test.jar ,scala build/modbat.jar ,-s=1 ,-n=1 ,--no-redirect-out ,modbat.test.NextIfTest3 ,,,
189,CLASSPATH=build/modbat-test.jar ,scala build/modbat.jar ,-s=1 ,-n=1 ,--no-redirect-out ,modbat.test.NextIfTest4 ,,,
190,CLASSPATH=build/modbat-test.jar ,scala build/modbat.jar ,-s=1 ,-n=1 ,--no-redirect-out ,modbat.test.NextIfTest5 ,,,
191,CLASSPATH=build/modbat-test.jar ,scala build/modbat.jar ,-s=1 ,-n=2 ,--log-level=fine ,--no-redirect-out ,--maybe-probability=0.3 ,modbat.test.MaybeNextIfTest ,
192,CLASSPATH=build/modbat-test.jar ,scala build/modbat.jar ,-s=1 ,-n=3 ,--log-level=fine ,--no-redirect-out ,--maybe-probability=0.3 ,modbat.test.MaybeNextIfTest2 ,
193,CLASSPATH=build/modbat-test.jar ,scala build/modbat.jar ,-s=1 ,-n=3 ,--log-level=fine ,--no-redirect-out ,--maybe-probability=0.9 ,modbat.test.MaybeNextIfTest3 ,
194,CLASSPATH=build/modbat-test.jar ,scala build/modbat.jar ,-s=1 ,-n=3 ,--log-level=fine ,--no-redirect-out ,--maybe-probability=0.48 ,modbat.test.MaybeNextIfTest4 ,
195,CLASSPATH=build/modbat-test.jar ,scala build/modbat.jar ,-s=1 ,-n=3 ,--log-level=fine ,--no-redirect-out ,--maybe-probability=0.48 ,modbat.test.MaybeNextIfTest5 ,
196,CLASSPATH=build/modbat-test.jar ,scala build/modbat.jar ,-s=9999 ,-n=1 ,--no-redirect-out ,--abort-probability=0.2 ,modbat.test.ExcTest ,,
197,CLASSPATH=build/modbat-test.jar ,scala build/modbat.jar ,-s=1 ,-n=1 ,--no-redirect-out ,modbat.test.ExcTest2 ,,,
198,CLASSPATH=build/modbat-test.jar ,scala build/modbat.jar ,-s=1 ,-n=1 ,--no-redirect-out ,modbat.test.ExcTest3 ,,,
199,CLASSPATH=build/modbat-test.jar ,scala build/modbat.jar ,-s=1 ,-n=1 ,--no-redirect-out ,modbat.test.ExcTest4 ,,,
200,CLASSPATH=build/modbat-test.jar ,scala build/modbat.jar ,-s=1 ,-n=1 ,--no-redirect-out ,modbat.test.ExcTest5 ,,,
201,CLASSPATH=build/modbat-test.jar ,scala build/modbat.jar ,-s=1 ,-n=1 ,--no-redirect-out ,modbat.test.ExcTest6 ,,,
202,CLASSPATH=build/modbat-test.jar ,scala build/modbat.jar ,-s=1 ,-n=1 ,--no-redirect-out ,modbat.test.ExcTestA3 ,,,
203,CLASSPATH=build/modbat-test.jar ,scala build/modbat.jar ,-s=1 ,-n=1 ,--no-redirect-out ,modbat.test.ExcTestA4 ,,,
204,CLASSPATH=build/modbat-test.jar ,scala build/modbat.jar ,-s=1 ,-n=1 ,--no-redirect-out ,modbat.test.ExcTestA5 ,,,
205,CLASSPATH=build/modbat-test.jar ,scala build/modbat.jar ,-s=1 ,-n=1 ,--no-redirect-out ,modbat.test.ExcTestA5 ,--log-level=fine ,,
206,CLASSPATH=build/modbat-test.jar ,scala build/modbat.jar ,-s=1 ,-n=1 ,--no-redirect-out ,NoPackage ,,,
207,CLASSPATH=build/modbat-test.jar ,scala build/modbat.jar ,-s=1 ,-n=20 ,--no-redirect-out ,modbat.test.AnyFuncTest ,,,
208,CLASSPATH=build/modbat-test.jar ,scala build/modbat.jar ,-s=1 ,-n=1 ,--loop-limit=5 ,modbat.test.ThrowTest ,,,
209,CLASSPATH=build/modbat-test.jar ,scala build/modbat.jar ,-s=1 ,-n=100 ,--loop-limit=3 ,--no-redirect-out ,--log-level=fine ,modbat.test.Immediate ,
210,CLASSPATH=build/modbat-test.jar ,scala build/modbat.jar ,-s=1 ,-n=1 ,--no-redirect-out ,--log-level=fine ,modbat.test.NoSelfJoin ,,
211,CLASSPATH=build/modbat-test.jar ,scala build/modbat.jar ,-s=1 ,-n=1 ,--no-redirect-out ,--log-level=fine ,modbat.test.JoinNull ,,
212,CLASSPATH=build/modbat-test.jar ,scala build/modbat.jar ,-s=1 ,-n=30 ,--no-redirect-out ,--log-level=fine ,modbat.test.ForkJoin ,,
213,CLASSPATH=build/modbat-test.jar ,scala build/modbat.jar ,-s=1 ,-n=3 ,--no-redirect-out ,--log-level=fine ,modbat.test.ForkJoin2 ,,
214,CLASSPATH=build/modbat-test.jar ,scala build/modbat.jar ,-s=1 ,-n=1 ,--no-redirect-out ,--log-level=fine ,--loop-limit=5 ,modbat.test.LoopTest ,
215,CLASSPATH=build/modbat-test.jar ,scala build/modbat.jar ,-s=1 ,-n=1 ,--no-redirect-out ,--log-level=fine ,--loop-limit=5 ,modbat.test.LoopTest2 ,
216,CLASSPATH=build/modbat-test.jar ,scala build/modbat.jar ,-s=1 ,-n=1 ,--no-redirect-out ,--log-level=fine ,--loop-limit=0 ,modbat.test.LoopTest ,
217,CLASSPATH=build/modbat-test.jar ,scala build/modbat.jar ,-s=1 ,-n=1 ,--no-redirect-out ,--log-level=fine ,--loop-limit=0 ,modbat.test.LoopTest2 ,
218,CLASSPATH=build/modbat-test.jar ,scala build/modbat.jar ,-s=1 ,-n=1 ,--no-redirect-out ,--log-level=fine ,--loop-limit=1 ,modbat.test.LoopTest ,
219,CLASSPATH=build/modbat-test.jar ,scala build/modbat.jar ,-s=1 ,-n=1 ,--no-redirect-out ,--log-level=fine ,--loop-limit=1 ,modbat.test.LoopTest2 ,
220,CLASSPATH=build/modbat-test.jar ,scala build/modbat.jar ,-s=1 ,-n=2 ,--log-level=fine ,--no-redirect-out ,--loop-limit=3 ,modbat.test.LoopTestWithLaunch ,
221,CLASSPATH=build/modbat-test.jar ,scala build/modbat.jar ,-s=1 ,-n=20 ,--no-redirect-out ,--loop-limit=4 ,modbat.test.LoopTestWithLaunch ,,
222,CLASSPATH=build/modbat-test.jar ,scala build/modbat.jar ,-s=1 ,-n=200 ,--no-redirect-out ,--stop-on-failure ,modbat.test.CrashSoon ,,
223,CLASSPATH=build/modbat-test.jar ,scala build/modbat.jar ,-s=1 ,-n=5 ,--no-redirect-out ,modbat.test.ChooseBool ,,,
224,CLASSPATH=build/modbat-test.jar ,scala build/modbat.jar ,-s=1 ,-n=1 ,--no-redirect-out ,--loop-limit=50 ,modbat.test.PredActions ,,
225,CLASSPATH=build/modbat-test.jar ,scala build/modbat.jar ,-s=1 ,-n=5 ,--no-redirect-out ,modbat.test.PreCond ,,,
226,CLASSPATH=build/modbat-test.jar ,scala build/modbat.jar ,-s=1 ,-n=1000 ,--no-redirect-out ,--abort-probability=0.1 ,--stop-on-failure ,modbat.test.WeightedTest ,
227,CLASSPATH=build/modbat-test.jar ,scala build/modbat.jar ,-s=1 ,-n=5 ,--no-redirect-out ,--log-level=debug ,--stop-on-failure ,modbat.test.WeightedTest2 ,
228,CLASSPATH=build/modbat-test.jar ,scala build/modbat.jar ,-s=1 ,-n=1000 ,--no-redirect-out ,--abort-probability=0.1 ,--stop-on-failure ,modbat.test.WeightedTestWFrac ,
229,CLASSPATH=build/modbat-test.jar ,scala build/modbat.jar ,--mode=dot ,modbat.test.NullaryCons ,,,,,
230,CLASSPATH=build/modbat-test.jar ,scala build/modbat.jar ,--mode=dot ,modbat.test.NullaryCons ,--print-stack-trace ,,,,
231,CLASSPATH=build/modbat-test.jar ,scala build/modbat.jar ,-s=1 ,-n=5 ,--no-redirect-out ,modbat.test.GenLabel ,,,
232,CLASSPATH=build/modbat-test.jar ,scala build/modbat.jar ,-s=1 ,-n=5 ,--auto-labels ,--no-redirect-out ,modbat.test.GenLabel ,,
233,CLASSPATH=build/modbat-test.jar ,scala build/modbat.jar ,-s=1 ,-n=5 ,--auto-labels ,--no-redirect-out ,modbat.test.GenLabel2 ,,
234,CLASSPATH=build/modbat-test.jar ,scala build/modbat.jar ,-s=1 ,-n=5 ,--auto-labels ,--no-redirect-out ,modbat.test.GenLabel3 ,,
235,CLASSPATH=build/modbat-test.jar ,scala build/modbat.jar ,--mode=dot ,--auto-labels ,modbat.test.GenLabel3 ,,,,
236,CLASSPATH=build/modbat-test.jar ,scala build/modbat.jar ,-s=1 ,-n=1 ,--no-redirect-out ,modbat.test.SubClassModel ,,,
237,CLASSPATH=build/modbat-test.jar ,scala build/modbat.jar ,-s=1 ,-n=2 ,--no-redirect-out ,--log-level=fine ,modbat.test.ObserverHarness ,,
238,CLASSPATH=build/modbat-test.jar ,scala build/modbat.jar ,-s=1 ,-n=2 ,--no-redirect-out ,--log-level=fine ,modbat.test.ObserverHarness2 ,,
239,CLASSPATH=build/modbat-test.jar ,scala build/modbat.jar ,-s=1 ,-n=2 ,--no-redirect-out ,--log-level=fine ,modbat.test.ObserverHarness3 ,,
240,CLASSPATH=build/modbat-test.jar ,scala build/modbat.jar ,-s=1 ,--no-redirect-out ,modbat.test.TestObserver ,,,,
241,CLASSPATH=build/modbat-test.jar ,scala build/modbat.jar ,-s=1 ,-n=2 ,--no-redirect-out ,--log-level=fine ,modbat.test.ObserverHarness4 ,,
242,CLASSPATH=build/modbat-test.jar ,scala build/modbat.jar ,-s=1 ,-n=2 ,--no-redirect-out ,--log-level=fine ,modbat.test.ObserverHarness5 ,,
243,CLASSPATH=build/modbat-test.jar ,scala build/modbat.jar ,-s=1 ,-n=2 ,--no-redirect-out ,--log-level=fine ,modbat.test.ObserverHarness6 ,,
244,CLASSPATH=build/modbat-test.jar ,scala build/modbat.jar ,-s=1 ,-n=2 ,--no-redirect-out ,--log-level=fine ,modbat.test.ObserverHarness7 ,,
245,CLASSPATH=build/modbat-test.jar ,scala build/modbat.jar ,-s=1 ,-n=2 ,--no-redirect-out ,--log-level=fine ,modbat.test.TickTockTest ,,
246,CLASSPATH=build/modbat-test.jar ,scala build/modbat.jar ,-s=1 ,-n=2 ,--no-redirect-out ,--show-choices ,modbat.test.TickTockTest ,,
247,CLASSPATH=build/modbat-test.jar ,scala build/modbat.jar ,-s=1 ,-n=4 ,--no-redirect-out ,--show-choices ,modbat.test.AnyFuncTest ,,
248,CLASSPATH=build/modbat-test.jar ,scala build/modbat.jar ,--mode=dot ,--show-choices ,modbat.test.AnyFuncTest ,,,,
249,CLASSPATH=build/modbat-test.jar ,scala build/modbat.jar ,-s=1 ,-n=5 ,--no-redirect-out ,--show-choices ,modbat.test.Choices ,,
250,CLASSPATH=build/modbat-test.jar ,scala build/modbat.jar ,--mode=dot ,--show-choices ,modbat.test.Choices ,,,,
251,CLASSPATH=build/modbat-test.jar ,scala build/modbat.jar ,-s=1 ,-n=2 ,--precond-as-failure ,--no-redirect-out ,--log-level=fine ,modbat.test.SUTReq ,
252,CLASSPATH=build/modbat-test.jar ,scala build/modbat.jar ,-s=1 ,-n=1 ,--no-redirect-out ,--log-level=fine ,modbat.test.SUTReq ,,
253,CLASSPATH=build/modbat-test.jar ,scala build/modbat.jar ,-s=1 ,-n=1 ,--no-redirect-out ,--log-level=fine ,modbat.test.ConcurrentModel ,,
254,CLASSPATH=build/modbat-examples.jar ,scala build/modbat.jar ,--mode=dot ,--auto-labels ,modbat.examples.CounterPosNeg ,,,,
